{
  "totalRevenue": 52185.32,
  "totalRefunds": 499.95,
  "totalFees": 4218.438099999996,
  "netRevenue": 47466.93190000001,
  "byPlatform": {
    "gumroad": {
      "revenue": 8844.219999999988,
      "refunds": 499.95,
      "fees": 1155.000000000001,
      "netRevenue": 7189.269999999987,
      "transactionCount": 80
    },
    "lemonsqueezy": {
      "revenue": 13899.83,
      "refunds": 0,
      "fees": 78.13,
      "netRevenue": 13821.7,
      "transactionCount": 153
    },
    "stripe": {
      "revenue": 29441.269999999997,
      "refunds": 0,
      "fees": 2985.308099999998,
      "netRevenue": 26455.9619,
      "transactionCount": 255
    }
  },
  "customerStats": {
    "total": 0,
    "paid": 0,
    "free": 0,
    "incomplete": 0,
    "emailOnly": 0
  }
}